{"stats":{"minecraft:dropped":{"minecraft:iron_ingot":5,"minecraft:iron_sword":1,"minecraft:cooked_beef":4,"minecraft:oak_planks":18,"minecraft:white_bed":1,"minecraft:coal":64,"minecraft:stick":5,"minecraft:wooden_axe":1,"minecraft:sunflower":1,"minecraft:wooden_pickaxe":1},"minecraft:crafted":{"minecraft:cooked_beef":11,"minecraft:oak_planks":90,"minecraft:cooked_porkchop":5,"minecraft:crafting_table":2,"minecraft:wooden_pickaxe":2,"minecraft:iron_sword":1,"minecraft:stone_axe":3,"minecraft:cooked_mutton":1,"minecraft:iron_boots":1,"minecraft:iron_chestplate":1,"minecraft:stick":64,"minecraft:iron_ingot":24,"minecraft:iron_pickaxe":1,"minecraft:stone_pickaxe":4,"minecraft:wooden_axe":2,"minecraft:stone_sword":1,"minecraft:white_bed":1,"minecraft:torch":28},"minecraft:used":{"minecraft:cooked_mutton":1,"minecraft:stone_sword":25,"minecraft:stone_pickaxe":302,"minecraft:wooden_pickaxe":57,"minecraft:iron_sword":17,"minecraft:torch":26,"minecraft:crafting_table":5,"minecraft:white_bed":2,"minecraft:wooden_axe":2,"minecraft:apple":1,"minecraft:sunflower":1,"minecraft:iron_pickaxe":39,"minecraft:stone_axe":95,"minecraft:cobblestone":76,"minecraft:furnace":1,"minecraft:cooked_porkchop":3,"minecraft:egg":2,"minecraft:cooked_beef":2},"minecraft:killed_by":{"minecraft:zombie":1},"minecraft:mined":{"minecraft:white_bed":1,"minecraft:crafting_table":5,"minecraft:torch":5,"minecraft:glow_lichen":2,"minecraft:short_grass":25,"minecraft:oak_pressure_plate":2,"minecraft:tall_grass":4,"minecraft:copper_ore":4,"minecraft:cobblestone":2,"minecraft:diorite":6,"minecraft:wall_torch":3,"minecraft:furnace":1,"minecraft:iron_ore":21,"minecraft:andesite":6,"minecraft:coal_ore":193,"minecraft:oak_log":24,"minecraft:deepslate_iron_ore":5,"minecraft:sunflower":12,"minecraft:gravel":1,"minecraft:stone":140,"minecraft:gold_ore":5,"minecraft:oak_leaves":5,"minecraft:deepslate":11},"minecraft:killed":{"minecraft:pig":2,"minecraft:spider":1,"minecraft:creeper":1,"minecraft:skeleton":1,"minecraft:zombie":4,"minecraft:chicken":2,"minecraft:cow":3},"minecraft:custom":{"minecraft:interact_with_furnace":39,"minecraft:mob_kills":16,"minecraft:interact_with_crafting_table":24,"minecraft:leave_game":1,"minecraft:time_since_death":63449,"minecraft:sleep_in_bed":7,"minecraft:time_since_rest":2359,"minecraft:sprint_one_cm":78590,"minecraft:damage_taken":777,"minecraft:walk_one_cm":289839,"minecraft:drop":11,"minecraft:damage_dealt":2225,"minecraft:swim_one_cm":1571,"minecraft:fly_one_cm":42173,"minecraft:open_chest":4,"minecraft:crouch_one_cm":4431,"minecraft:play_time":87632,"minecraft:deaths":1,"minecraft:sneak_time":2203,"minecraft:walk_under_water_one_cm":10877,"minecraft:jump":640,"minecraft:walk_on_water_one_cm":13193,"minecraft:total_world_time":87632,"minecraft:fall_one_cm":10768},"minecraft:broken":{"minecraft:stone_pickaxe":2},"minecraft:picked_up":{"minecraft:wooden_axe":1,"minecraft:crafting_table":5,"minecraft:feather":1,"minecraft:cooked_beef":5,"minecraft:chicken":3,"minecraft:andesite":6,"minecraft:leather":3,"minecraft:wooden_pickaxe":1,"minecraft:oak_log":23,"minecraft:raw_copper":15,"minecraft:apple":1,"minecraft:wheat_seeds":4,"minecraft:cobbled_deepslate":11,"minecraft:raw_gold":5,"minecraft:cooked_chicken":4,"minecraft:beef":6,"minecraft:iron_sword":1,"minecraft:oak_planks":66,"minecraft:egg":2,"minecraft:furnace":2,"minecraft:stick":1,"minecraft:raw_iron":27,"minecraft:torch":18,"minecraft:oak_pressure_plate":1,"minecraft:gravel":1,"minecraft:porkchop":4,"minecraft:diorite":6,"minecraft:white_bed":2,"minecraft:rotten_flesh":4,"minecraft:coal":185,"minecraft:white_wool":3,"minecraft:cobblestone":142,"minecraft:sunflower":13}},"DataVersion":3953}