{"stats":{"minecraft:killed_by":{"minecraft:zombie":1},"minecraft:dropped":{"minecraft:wheat_seeds":1,"minecraft:cooked_beef":5,"minecraft:cooked_chicken":4,"minecraft:raw_iron":1,"minecraft:oak_planks":59,"minecraft:torch":10,"minecraft:sunflower":1,"minecraft:white_wool":3,"minecraft:egg":2,"minecraft:bone":1},"minecraft:broken":{"minecraft:stone_pickaxe":1},"minecraft:used":{"minecraft:cooked_mutton":6,"minecraft:stone_sword":167,"minecraft:stone_pickaxe":254,"minecraft:oak_planks":10,"minecraft:chest":2,"minecraft:wooden_pickaxe":13,"minecraft:leather_boots":1,"minecraft:cooked_chicken":3,"minecraft:iron_chestplate":1,"minecraft:oak_door":2,"minecraft:torch":30,"minecraft:dirt":18,"minecraft:crafting_table":9,"minecraft:white_bed":2,"minecraft:oak_log":1,"minecraft:sunflower":1,"minecraft:iron_pickaxe":1,"minecraft:oak_pressure_plate":2,"minecraft:stone_axe":116,"minecraft:cobblestone":68,"minecraft:oak_sapling":3,"minecraft:furnace":4,"minecraft:cooked_porkchop":2,"minecraft:egg":3,"minecraft:cooked_beef":3,"minecraft:bone_meal":6},"minecraft:mined":{"minecraft:white_bed":1,"minecraft:crafting_table":8,"minecraft:torch":1,"minecraft:short_grass":44,"minecraft:grass_block":9,"minecraft:tall_grass":1,"minecraft:copper_ore":32,"minecraft:cobblestone":16,"minecraft:lapis_ore":1,"minecraft:oak_planks":7,"minecraft:furnace":2,"minecraft:iron_ore":11,"minecraft:oak_log":59,"minecraft:coal_ore":41,"minecraft:sunflower":6,"minecraft:dirt":10,"minecraft:stone":154,"minecraft:oak_leaves":36},"minecraft:custom":{"minecraft:interact_with_furnace":42,"minecraft:mob_kills":49,"minecraft:interact_with_crafting_table":41,"minecraft:leave_game":2,"minecraft:time_since_death":65063,"minecraft:sleep_in_bed":3,"minecraft:time_since_rest":3177,"minecraft:sprint_one_cm":217466,"minecraft:damage_taken":1082,"minecraft:walk_one_cm":349299,"minecraft:drop":27,"minecraft:damage_dealt":5450,"minecraft:swim_one_cm":2954,"minecraft:fly_one_cm":121910,"minecraft:open_chest":7,"minecraft:crouch_one_cm":8076,"minecraft:play_time":86466,"minecraft:sneak_time":2879,"minecraft:deaths":1,"minecraft:walk_under_water_one_cm":6483,"minecraft:jump":876,"minecraft:walk_on_water_one_cm":6132,"minecraft:total_world_time":86466,"minecraft:fall_one_cm":19036},"minecraft:picked_up":{"minecraft:crafting_table":8,"minecraft:feather":13,"minecraft:cooked_beef":4,"minecraft:chicken":13,"minecraft:leather":8,"minecraft:oak_log":59,"minecraft:gunpowder":2,"minecraft:lapis_lazuli":4,"minecraft:dirt":19,"minecraft:raw_copper":112,"minecraft:bone":3,"minecraft:wheat_seeds":10,"minecraft:iron_ingot":5,"minecraft:beef":13,"minecraft:oak_planks":18,"minecraft:furnace":1,"minecraft:egg":7,"minecraft:stick":8,"minecraft:raw_iron":11,"minecraft:torch":1,"minecraft:oak_pressure_plate":1,"minecraft:porkchop":15,"minecraft:white_bed":1,"minecraft:arrow":1,"minecraft:rotten_flesh":7,"minecraft:oak_sapling":4,"minecraft:mutton":8,"minecraft:coal":113,"minecraft:white_wool":6,"minecraft:cobblestone":176,"minecraft:sunflower":7},"minecraft:crafted":{"minecraft:cooked_beef":8,"minecraft:oak_door":3,"minecraft:oak_planks":180,"minecraft:cooked_porkchop":14,"minecraft:leather_boots":1,"minecraft:crafting_table":2,"minecraft:oak_pressure_plate":2,"minecraft:wooden_pickaxe":2,"minecraft:cooked_chicken":16,"minecraft:furnace":3,"minecraft:bone_meal":6,"minecraft:stone_axe":2,"minecraft:cooked_mutton":7,"minecraft:air":0,"minecraft:iron_chestplate":1,"minecraft:stick":28,"minecraft:iron_ingot":13,"minecraft:iron_pickaxe":1,"minecraft:stone_pickaxe":4,"minecraft:stone_sword":2,"minecraft:chest":2,"minecraft:white_bed":1,"minecraft:torch":64},"minecraft:killed":{"minecraft:pig":8,"minecraft:spider":1,"minecraft:creeper":1,"minecraft:horse":1,"minecraft:sheep":6,"minecraft:skeleton":3,"minecraft:zombie":8,"minecraft:chicken":13,"minecraft:cow":7}},"DataVersion":3953}